,loss,accuracy,val_loss,val_accuracy
0,1.6762315034866333,0.34857431054115295,1.5627347230911255,0.37685245275497437
1,1.5494985580444336,0.3769516348838806,1.510241150856018,0.40058186650276184
2,1.5189591646194458,0.3899027705192566,1.4962576627731323,0.39971816539764404
3,1.5058248043060303,0.3952418267726898,1.4893841743469238,0.4039003551006317
